{"version": "1.1", "login40": {"latency": {"max": 8139, "mean": 124.57974298264, "min": 38, "percentiles": {"50": 122, "90": 162, "95": 177, "99": 209, "99.999": 7599}, "stdev": 81.560429675339}, "requests": {"max": 10777, "mean": 8045.6866336634, "min": 6010, "percentiles": {"50": 7979, "90": 8770, "95": 8949, "99": 10270, "99.999": 10777}, "stdev": 624.61414784735}, "summary": {"bytes": 336308466, "connections": 40, "duration": 10099870, "errors": {"connect": 0, "read": 0, "status": 0, "timeout": 0, "write": 0}, "requests": 3233714, "served": 40}}, "login500": {"latency": {"max": 1044005, "mean": 7675.1437131141, "min": 39, "percentiles": {"50": 593, "90": 894, "95": 978, "99": 271962, "99.999": 1039360}, "stdev": 69365.413991081}, "requests": {"max": 33060, "mean": 11247.886887044, "min": 529, "percentiles": {"50": 11101, "90": 12620, "95": 13320, "99": 15515, "99.999": 33060}, "stdev": 1517.4013671971}, "summary": {"bytes": 743395709, "connections": 448, "duration": 10099459, "errors": {"connect": 0, "read": 0, "status": 0, "timeout": 0, "write": 0}, "requests": 7147925, "served": 448}}, "login10k": {"latency": {"max": 4443902, "mean": 46772.771589088, "min": 48, "percentiles": {"50": 15946, "90": 27536, "95": 46933, "99": 1055736, "99.999": 4360690}, "stdev": 201039.8332876}, "requests": {"max": 87262, "mean": 9196.524803088, "min": 65, "percentiles": {"50": 9070, "90": 9464, "95": 9646, "99": 14434, "99.999": 87262}, "stdev": 2350.6521416905}, "summary": {"bytes": 1825183134, "connections": 9984, "duration": 30099316, "errors": {"connect": 0, "read": 0, "status": 0, "timeout": 1, "write": 0}, "requests": 17547041, "served": 9984}}, "wwwcsvt100": {"latency": {"max": 215343, "mean": 3992.5255051308, "min": 158, "percentiles": {"50": 3343, "90": 5279, "95": 5618, "99": 6455, "99.999": 211575}, "stdev": 4864.6624429691}, "requests": {"max": 767, "mean": 266.40917930766, "min": 20, "percentiles": {"50": 260, "90": 360, "95": 363, "99": 363, "99.999": 767}, "stdev": 69.231398923628}, "summary": {"bytes": 23535288021, "connections": 64, "duration": 20094866, "errors": {"connect": 0, "read": 0, "status": 0, "timeout": 0, "write": 0}, "requests": 341319, "served": 64}}, "doom100": {"latency": {"max": 323440, "mean": 78747.718102614, "min": 2022, "percentiles": {"50": 63767, "90": 124765, "95": 125700, "99": 127608, "99.999": 323440}, "stdev": 31893.252797501}, "requests": {"max": 90, "mean": 13.298457856953, "min": 2, "percentiles": {"50": 10, "90": 20, "95": 30, "99": 40, "99.999": 90}, "stdev": 6.6158175331235}, "summary": {"bytes": 23680897468, "connections": 40, "duration": 20095030, "errors": {"connect": 0, "read": 0, "status": 0, "timeout": 0, "write": 0}, "requests": 10258, "served": 40}}}