{"version": "1.1", "login40": {"latency": {"max": 12055, "mean": 122.32648339499, "min": 38, "percentiles": {"50": 119, "90": 157, "95": 173, "99": 213, "99.999": 10011}, "stdev": 92.711233414828}, "requests": {"max": 10484, "mean": 8207.6056930693, "min": 5430, "percentiles": {"50": 8290, "90": 9170, "95": 9434, "99": 9878, "99.999": 10484}, "stdev": 766.70687892758}, "summary": {"bytes": 343110121, "connections": 40, "duration": 10099474, "errors": {"connect": 0, "read": 0, "status": 0, "timeout": 0, "write": 0}, "requests": 3299116, "served": 40}}, "login500": {"latency": {"max": 27852, "mean": 641.24772331938, "min": 41, "percentiles": {"50": 616, "90": 812, "95": 859, "99": 993, "99.999": 26137}, "stdev": 418.82678029141}, "requests": {"max": 32767, "mean": 11131.011913972, "min": 8797, "percentiles": {"50": 11110, "90": 11970, "95": 12161, "99": 13000, "99.999": 32767}, "stdev": 1077.6649476588}, "summary": {"bytes": 744390264, "connections": 448, "duration": 10098552, "errors": {"connect": 0, "read": 0, "status": 0, "timeout": 0, "write": 0}, "requests": 7157515, "served": 448}}, "login10k": {"latency": {"max": 4538258, "mean": 53574.872051226, "min": 53, "percentiles": {"50": 15760, "90": 27806, "95": 46805, "99": 1224890, "99.999": 4495363}, "stdev": 258020.79485601}, "requests": {"max": 95979, "mean": 9153.9870541749, "min": 99, "percentiles": {"50": 9050, "90": 9515, "95": 9888, "99": 12930, "99.999": 95979}, "stdev": 2222.0807096911}, "summary": {"bytes": 1822382816, "connections": 9984, "duration": 30100136, "errors": {"connect": 0, "read": 0, "status": 0, "timeout": 81, "write": 0}, "requests": 17520057, "served": 9984}}, "wwwcsvt100": {"latency": {"max": 213482, "mean": 3974.2009428266, "min": 116, "percentiles": {"50": 4218, "90": 5302, "95": 5638, "99": 6539, "99.999": 209714}, "stdev": 4703.3953038964}, "requests": {"max": 1960, "mean": 266.55620381175, "min": 20, "percentiles": {"50": 212, "90": 420, "95": 434, "99": 1070, "99.999": 1960}, "stdev": 157.52926953271}, "summary": {"bytes": 23534828120, "connections": 64, "duration": 20093626, "errors": {"connect": 0, "read": 0, "status": 0, "timeout": 0, "write": 0}, "requests": 341304, "served": 64}}, "doom100": {"latency": {"max": 516580, "mean": 81973.786655453, "min": 13221, "percentiles": {"50": 76995, "90": 110158, "95": 126390, "99": 284624, "99.999": 516580}, "stdev": 44487.681894655}, "requests": {"max": 70, "mean": 13.385577828602, "min": 1, "percentiles": {"50": 10, "90": 20, "95": 20, "99": 40, "99.999": 70}, "stdev": 6.3973106182434}, "summary": {"bytes": 23666810100, "connections": 40, "duration": 20099420, "errors": {"connect": 0, "read": 0, "status": 0, "timeout": 0, "write": 0}, "requests": 10250, "served": 40}}}