{"version": "1.1", "login40": {"latency": {"max": 12606, "mean": 123.29866878806, "min": 36, "percentiles": {"50": 121, "90": 164, "95": 179, "99": 213, "99.999": 10336}, "stdev": 73.359690647222}, "requests": {"max": 11050, "mean": 8095.7081683168, "min": 4660, "percentiles": {"50": 7920, "90": 9323, "95": 9750, "99": 10500, "99.999": 11050}, "stdev": 917.24154465064}, "summary": {"bytes": 338441512, "connections": 40, "duration": 10099387, "errors": {"connect": 0, "read": 0, "status": 0, "timeout": 0, "write": 0}, "requests": 3254227, "served": 40}}, "login500": {"latency": {"max": 22846, "mean": 630.50652575824, "min": 45, "percentiles": {"50": 611, "90": 792, "95": 857, "99": 992, "99.999": 16888}, "stdev": 258.09584425121}, "requests": {"max": 31313, "mean": 11208.017174687, "min": 9620, "percentiles": {"50": 11090, "90": 11838, "95": 12060, "99": 13230, "99.999": 31313}, "stdev": 1107.970077869}, "summary": {"bytes": 749541424, "connections": 448, "duration": 10099001, "errors": {"connect": 0, "read": 0, "status": 0, "timeout": 0, "write": 0}, "requests": 7207031, "served": 448}}, "login10k": {"latency": {"max": 4483165, "mean": 51475.38961007, "min": 53, "percentiles": {"50": 15621, "90": 26505, "95": 38023, "99": 1194661, "99.999": 4409259}, "stdev": 234185.2740732}, "requests": {"max": 91620, "mean": 9310.6880829556, "min": 82, "percentiles": {"50": 9180, "90": 9570, "95": 9757, "99": 14878, "99.999": 91620}, "stdev": 2385.7902331568}, "summary": {"bytes": 1849611012, "connections": 9984, "duration": 30099762, "errors": {"connect": 0, "read": 0, "status": 0, "timeout": 1, "write": 0}, "requests": 17781709, "served": 9984}}, "wwwcsvt100": {"latency": {"max": 222996, "mean": 4662.900921809, "min": 135, "percentiles": {"50": 3344, "90": 5338, "95": 6522, "99": 13569, "99.999": 218663}, "stdev": 10834.880798363}, "requests": {"max": 757, "mean": 267.43036788253, "min": 5, "percentiles": {"50": 282, "90": 333, "95": 424, "99": 440, "99.999": 757}, "stdev": 77.281083926783}, "summary": {"bytes": 23539834590, "connections": 64, "duration": 20098641, "errors": {"connect": 0, "read": 0, "status": 0, "timeout": 0, "write": 0}, "requests": 341385, "served": 64}}, "doom100": {"latency": {"max": 354805, "mean": 78499.664467941, "min": 8130, "percentiles": {"50": 73278, "90": 140191, "95": 141294, "99": 142925, "99.999": 354805}, "stdev": 38412.50291159}, "requests": {"max": 70, "mean": 13.73156424581, "min": 2, "percentiles": {"50": 10, "90": 20, "95": 30, "99": 40, "99.999": 70}, "stdev": 7.3429172436587}, "summary": {"bytes": 23694484113, "connections": 40, "duration": 20100112, "errors": {"connect": 0, "read": 0, "status": 0, "timeout": 0, "write": 0}, "requests": 10266, "served": 40}}}