{"version": "1.1", "login40": {"latency": {"max": 745030, "mean": 135558.31821841, "min": 42, "percentiles": {"50": 578, "90": 461113, "95": 538248, "99": 663250, "99.999": 745030}, "stdev": 192827.52537611}, "requests": {"max": 2370, "mean": 233.52707581227, "min": 1, "percentiles": {"50": 140, "90": 530, "95": 770, "99": 1810, "99.999": 2370}, "stdev": 302.81759021021}, "summary": {"bytes": 5475184, "connections": 40, "duration": 10088784, "errors": {"connect": 0, "read": 0, "status": 0, "timeout": 40, "write": 0}, "requests": 52646, "served": 40}}, "login500": {"latency": {"max": 6244228, "mean": 353911.31385569, "min": 43, "percentiles": {"50": 3036, "90": 958074, "95": 2133168, "99": 3824768, "99.999": 6244228}, "stdev": 767390.51122581}, "requests": {"max": 2050, "mean": 124.7264957265, "min": 0, "percentiles": {"50": 83, "90": 240, "95": 295, "99": 870, "99.999": 2050}, "stdev": 194.0155900426}, "summary": {"bytes": 5204898, "connections": 448, "duration": 10099615, "errors": {"connect": 0, "read": 0, "status": 0, "timeout": 205, "write": 0}, "requests": 50035, "served": 351}}, "login10k": {"latency": {"max": 4631927, "mean": 92392.603884763, "min": 43, "percentiles": {"50": 3282, "90": 623782, "95": 709083, "99": 906737, "99.999": 4627969}, "stdev": 247030.40838002}, "requests": {"max": 11890, "mean": 1378.5984251969, "min": 2, "percentiles": {"50": 910, "90": 2930, "95": 5490, "99": 10520, "99.999": 11890}, "stdev": 1859.2030349203}, "summary": {"bytes": 13696072, "connections": 9984, "duration": 30100304, "errors": {"connect": 0, "read": 0, "status": 0, "timeout": 55917, "write": 0}, "requests": 131693, "served": 412}}, "wwwcsvt100": {"latency": {"max": 16249, "mean": 3776.3555393305, "min": 114, "percentiles": {"50": 3183, "90": 6515, "95": 7411, "99": 8505, "99.999": 14869}, "stdev": 1622.4082978922}, "requests": {"max": 939, "mean": 267.72539262945, "min": 100, "percentiles": {"50": 222, "90": 424, "95": 430, "99": 434, "99.999": 939}, "stdev": 102.52556810216}, "summary": {"bytes": 23647032422, "connections": 64, "duration": 20093028, "errors": {"connect": 0, "read": 0, "status": 0, "timeout": 0, "write": 0}, "requests": 342936, "served": 64}}, "doom100": {"latency": {"max": 191548, "mean": 78324.942504341, "min": 3760, "percentiles": {"50": 78309, "90": 140774, "95": 141532, "99": 158071, "99.999": 191548}, "stdev": 33185.078613751}, "requests": {"max": 60, "mean": 13.482538388368, "min": 4, "percentiles": {"50": 10, "90": 20, "95": 30, "99": 40, "99.999": 60}, "stdev": 6.8593756078574}, "summary": {"bytes": 23677560636, "connections": 40, "duration": 20099433, "errors": {"connect": 0, "read": 0, "status": 0, "timeout": 0, "write": 0}, "requests": 10258, "served": 40}}}