{"version": "1.1", "login40": {"latency": {"max": 7307, "mean": 134.90593721332, "min": 38, "percentiles": {"50": 132, "90": 177, "95": 193, "99": 225, "99.999": 6497}, "stdev": 60.368975801812}, "requests": {"max": 10270, "mean": 7399.0064356436, "min": 5610, "percentiles": {"50": 7210, "90": 8360, "95": 8720, "99": 9160, "99.999": 10270}, "stdev": 621.74417028123}, "summary": {"bytes": 309314088, "connections": 40, "duration": 10099356, "errors": {"connect": 0, "read": 0, "status": 0, "timeout": 0, "write": 0}, "requests": 2974153, "served": 40}}, "login500": {"latency": {"max": 209354, "mean": 1861.5148548124, "min": 42, "percentiles": {"50": 1599, "90": 2472, "95": 3315, "99": 8723, "99.999": 206777}, "stdev": 4253.1549967493}, "requests": {"max": 25929, "mean": 4418.1030321782, "min": 2555, "percentiles": {"50": 4353, "90": 5010, "95": 5232, "99": 5780, "99.999": 25929}, "stdev": 837.77287548539}, "summary": {"bytes": 295522815, "connections": 448, "duration": 10099106, "errors": {"connect": 0, "read": 0, "status": 0, "timeout": 0, "write": 0}, "requests": 2841482, "served": 448}}, "login10k": {"latency": {"max": 5742863, "mean": 60738.169979216, "min": 91, "percentiles": {"50": 35137, "90": 58978, "95": 88289, "99": 964605, "99.999": 3244955}, "stdev": 163099.44135824}, "requests": {"max": 68444, "mean": 4293.3746555041, "min": 66, "percentiles": {"50": 4270, "90": 4464, "95": 4545, "99": 5930, "99.999": 68444}, "stdev": 963.42767105718}, "summary": {"bytes": 854756088, "connections": 9984, "duration": 30100262, "errors": {"connect": 0, "read": 0, "status": 0, "timeout": 1, "write": 0}, "requests": 8216150, "served": 9984}}, "wwwcsvt100": {"latency": {"max": 218781, "mean": 4214.9899564925, "min": 119, "percentiles": {"50": 3677, "90": 6089, "95": 6309, "99": 7554, "99.999": 217259}, "stdev": 8398.6461060742}, "requests": {"max": 1989, "mean": 268.07209664848, "min": 5, "percentiles": {"50": 191, "90": 434, "95": 535, "99": 1070, "99.999": 1989}, "stdev": 177.45344378306}, "summary": {"bytes": 23640887084, "connections": 64, "duration": 20095857, "errors": {"connect": 0, "read": 0, "status": 0, "timeout": 0, "write": 0}, "requests": 342845, "served": 64}}, "doom100": {"latency": {"max": 128647, "mean": 78188.708044856, "min": 5652, "percentiles": {"50": 93889, "90": 124581, "95": 125469, "99": 126564, "99.999": 128647}, "stdev": 35887.650345565}, "requests": {"max": 70, "mean": 13.225563909774, "min": 4, "percentiles": {"50": 10, "90": 20, "95": 30, "99": 60, "99.999": 70}, "stdev": 10.186598662487}, "summary": {"bytes": 23679794885, "connections": 40, "duration": 20100019, "errors": {"connect": 0, "read": 0, "status": 0, "timeout": 0, "write": 0}, "requests": 10255, "served": 40}}}