{"version": "1.1", "login40": {"latency": {"max": 208336, "mean": 455.8051133352, "min": 40, "percentiles": {"50": 133, "90": 184, "95": 203, "99": 249, "99.999": 207232}, "stdev": 6611.6902080678}, "requests": {"max": 10020, "mean": 7280.6871591472, "min": 40, "percentiles": {"50": 7191, "90": 8303, "95": 8580, "99": 9111, "99.999": 10020}, "stdev": 834.17263347796}, "summary": {"bytes": 304035167, "connections": 40, "duration": 10099186, "errors": {"connect": 0, "read": 0, "status": 0, "timeout": 0, "write": 0}, "requests": 2923393, "served": 40}}, "login500": {"latency": {"max": 1027034, "mean": 8359.4539048136, "min": 51, "percentiles": {"50": 1700, "90": 2788, "95": 4731, "99": 213121, "99.999": 1023760}, "stdev": 65988.131290488}, "requests": {"max": 20363, "mean": 4167.2718157606, "min": 274, "percentiles": {"50": 4080, "90": 4848, "95": 5252, "99": 5828, "99.999": 20363}, "stdev": 781.94480720217}, "summary": {"bytes": 275490079, "connections": 448, "duration": 10099670, "errors": {"connect": 0, "read": 0, "status": 0, "timeout": 0, "write": 0}, "requests": 2648853, "served": 448}}, "login10k": {"latency": {"max": 4802534, "mean": 83745.357555893, "min": 100, "percentiles": {"50": 36733, "90": 63639, "95": 124364, "99": 1542990, "99.999": 4562035}, "stdev": 296470.26169102}, "requests": {"max": 63777, "mean": 4060.4782994262, "min": 18, "percentiles": {"50": 4030, "90": 4270, "95": 4430, "99": 6202, "99.999": 63777}, "stdev": 908.86895403012}, "summary": {"bytes": 805900014, "connections": 9984, "duration": 30100639, "errors": {"connect": 0, "read": 0, "status": 0, "timeout": 275, "write": 0}, "requests": 7746298, "served": 9984}}, "wwwcsvt100": {"latency": {"max": 215419, "mean": 5477.5261515577, "min": 126, "percentiles": {"50": 3756, "90": 5823, "95": 6550, "99": 86528, "99.999": 212567}, "stdev": 15401.691212957}, "requests": {"max": 1950, "mean": 268.5020795731, "min": 5, "percentiles": {"50": 232, "90": 505, "95": 540, "99": 717, "99.999": 1950}, "stdev": 133.62445873995}, "summary": {"bytes": 23601124032, "connections": 64, "duration": 20083237, "errors": {"connect": 0, "read": 0, "status": 0, "timeout": 0, "write": 0}, "requests": 342266, "served": 64}}, "doom100": {"latency": {"max": 370547, "mean": 79820.437771012, "min": 9305, "percentiles": {"50": 78348, "90": 156218, "95": 156948, "99": 227731, "99.999": 370547}, "stdev": 43327.743082813}, "requests": {"max": 70, "mean": 13.713706293706, "min": 2, "percentiles": {"50": 10, "90": 20, "95": 30, "99": 40, "99.999": 70}, "stdev": 7.7703518937494}, "summary": {"bytes": 23674217956, "connections": 40, "duration": 20080543, "errors": {"connect": 0, "read": 0, "status": 0, "timeout": 0, "write": 0}, "requests": 10254, "served": 40}}}